Cars,Licensing & Registration
,Hybrid & Alternative
,Parts
,Services
,Shopping
,Trucks
,
Education,Coaching
,College
,Continuing
,Homeschooling
,K-12
,Language
,Testing
,Institutions
,
Events,Holidays
,Music
,Seasonal
,Sports
,Weddings
,
,
Family,Kids & Teens
,Relationships
,Religion
,Seniors
,
Finance,Accounting
,Banking
,Financial Planning
,Insurance
,Investing
,Philanthropy
,
Food,Alcohol
,Baked Goods
,Coffee & Tea
,Recipes
,Restaurants
,Retail Stores
,Snacks
,
Health,Allergies
,Assisted Living
,Beauty Professionals
,Dental
,Physical Therapy
,Fitness
,Hospitals
,Massage
,Medical Services
,
House,Cleaning
,Rentals
,Home Improvement
,Moving
,Painting
,Pest Control
,Plumbing
,Real Estate
,
Other,Government
,Legal
,Other
,Visa & Immigration
,
Pets,Birds
,Cats
,Dogs
,Fish
,Horses
,Rodents
,Veterinarians
,
Products,Bikes
,Camera
,Clothing
,Computers
,Mobile & Wireless
,Mobile Phones
,Rugs
,Appliances
,Sporting Goods
,
Recreation,Art & Design
,Books
,Movies
,Museums
,Music
,Outdoors
,Sports
,
Travel,Beaches
,Cruises & Charters
,Mountains & Skiing
,Parks
,Theme Parks
,Vacation Rentals
,
Work,Career Resources
,Computer Security
,Enterprise Technology
,Job Listings
,Office Supplies
,Services
,Web Services